<ns1:ExtensionDescription extensionType="SERVICE" version="1.4"
	xmlns:ns1="gme://gov.nih.nci.cagrid.introduce/1/Extension">
	<ns1:ServiceExtensionDescription displayName="caGrid WS-Enumeration" name="cagrid_wsEnum">
		<ns1:CreationPostProcessor>gov.nih.nci.cagrid.introduce.extensions.wsenum.creation.WsEnumCreationPostProcessor</ns1:CreationPostProcessor>
		<ns1:CodegenPostProcessor>gov.nih.nci.cagrid.introduce.extensions.wsenum.codegen.WsEnumCodegenPostProcessor</ns1:CodegenPostProcessor>
		<ns1:ServiceModificationUIPanel>gov.nih.nci.cagrid.introduce.extensions.wsenum.ui.EnumIteratorSelectionPanel</ns1:ServiceModificationUIPanel>
		<ns1:Properties/>
	</ns1:ServiceExtensionDescription>
	<ns1:UpgradesDescription>
		<ns1:UpgradeDescription upgradeClass="gov.nih.nci.cagrid.introduce.extensions.wsenum.upgrade.WsEnumUpgradeFrom1pt2" fromVersion="1.2" toVersion="1.4"/>
		<ns1:UpgradeDescription upgradeClass="gov.nih.nci.cagrid.introduce.extensions.wsenum.upgrade.WsEnumUpgradeFrom1pt3" fromVersion="1.3" toVersion="1.4"/>
	</ns1:UpgradesDescription>
</ns1:ExtensionDescription>
