<DataServiceStyle xmlns="http://gov.nih.nci.cagrid.data/Style" name="caCORE SDK v 4.2" version="1.4">
	<CompatibleCaGridVersions>
		<Version>1.4</Version>
	</CompatibleCaGridVersions>
	<StyleDescription>Configures the data service to utilize a data source generated by the caCORE SDK, version 4.2</StyleDescription>
	<CreationWizardPanels>
		<CreationWizardPanel classname="org.cagrid.data.sdkquery42.style.wizard.ProjectSelectionPanel"/>
		<CreationWizardPanel classname="org.cagrid.data.sdkquery42.style.wizard.SecurityConfigurationPanel"/>
		<CreationWizardPanel classname="org.cagrid.data.sdkquery42.style.wizard.DomainModelPanel"/>
		<CreationWizardPanel classname="org.cagrid.data.sdkquery42.style.wizard.SchemaMappingPanel"/>
	</CreationWizardPanels>
	<ModificationUiPanel classname="org.cagrid.data.sdkquery42.style.modification.InformationPanel"/>
	<CreationHelper postCreationClassname="org.cagrid.data.sdkquery42.style.helpers.PostCreationHelper"/>
	<CodegenHelpers postCodegenClassname="org.cagrid.data.sdkquery42.style.helpers.PostCodegenHelper"/>
	<VersionUpgrade fromVersion="1.3" toVersion="1.4" classname="org.cagrid.data.sdkquery42.style.upgrade.UpgradeFrom1pt3to1pt4"/>
	<VersionUpgrade fromVersion="1.2" toVersion="1.4" classname="org.cagrid.data.sdkquery42.style.upgrade.UpgradeFrom1pt2to1pt4"/>
</DataServiceStyle>
