<?xml version="1.0" encoding="UTF-8"?>
<application xmlns="http://www.cagrid.org/1/grape"
    xmlns:xsi="http://www.w3.org/2001/XMLSchema-instance"
    xsi:schemaLocation="http://www.cagrid.org/1/grape file:/C:/projects/cagrid-1-0/caGrid/projects/grape/schema/grape.xsd">
    <name>Introduce: Grid Service Authoring Toolkit</name>
    <icon>/applications-internet.png</icon>
    <ApplicationLogo>/caGrid.gif</ApplicationLogo>
    <AboutHTML><![CDATA[<html><center><h2>Introduce: Grid Service Authoring Toolkit</h2></center><center><h3>Version 1.4</h3></center><br><center><h3>This software is produced by<br>The Ohio State University<br>Department of Biomedical Informatics (http://bmi.osu.edu)</h3></center><br><center><h3><a href="http://cagrid.org/display/introduce/Home">http://cagrid.org/display/introduce/Home</a></h3></center><br><h3>Authors:</h3><br><a href="mailto:hastings@bmi.osu.edu">Shannon Hastings</a><br><a href="mailto:langella@bmi.osu.edu">Stephen Langella</a><br> <a href="mailto:oster@bmi.osu.edu">Scott Oster</a><br><a href="mailto:ervin@bmi.osu.edu">David Ervin</a>]]></AboutHTML>
    <dimensions>
        <width>1200</width>
        <height>900</height>
    </dimensions>
    <PreInitializerClass>gov.nih.nci.cagrid.introduce.portal.init.IntroducePortalPreInitializer</PreInitializerClass>
    <PostInitializerClass>gov.nih.nci.cagrid.introduce.portal.init.IntroducePortalPostInitializer</PostInitializerClass>
    <menus>
           <menu>
            <title>File</title>
            <description>File</description>
            <showIcons>true</showIcons>
            <components>
                <component>
                    <title>Create Service Skeleton</title>
                    <description>Create Service Skeleton</description>
                    <classname>gov.nih.nci.cagrid.introduce.portal.creation.CreationViewer</classname>
                    <icon>/cog_add.png</icon>
                    <showOnToolBar>true</showOnToolBar>
                    <dimensions>
                    	<width>600</width>
                    	<height>300</height>
                    </dimensions>
                    <renderOptions>
                    	<centered>true</centered>
                    </renderOptions>
                </component>
             </components>
        </menu>
        <menu>
            <title>Tools</title>
            <description>Tools</description>
            <showIcons>true</showIcons>
            <components>
                <component>
                    <title>Modify Service</title>
                    <description>Modify Grid Service</description>
                    <classname>gov.nih.nci.cagrid.introduce.portal.modification.ModificationLauncher</classname>
                    <icon>/cog_edit.png</icon>
                    <showOnToolBar>true</showOnToolBar>
                </component>
                <component>
                    <title>Deploy Service</title>
                    <description>Deploy Service</description>
                    <classname>gov.nih.nci.cagrid.introduce.portal.deployment.DeploymentLauncher</classname>
                    <icon>/cog_go.png</icon>
                    <showOnToolBar>true</showOnToolBar>
                </component>
                <component>
                    <title>Undeploy Service</title>
                    <description>Undeploy Service</description>
                    <classname>gov.nih.nci.cagrid.introduce.portal.undeployment.UndeployServiceViewer</classname>
                    <icon>/cog_back.png</icon>
                    <showOnToolBar>true</showOnToolBar>
                    <dimensions>
                        <width>600</width>
                        <height>400</height>
                    </dimensions>
                    <renderOptions>
                    	<centered>true</centered>
                    </renderOptions>
                </component>
                <component>
                    <title>Browse Data Types</title>
                    <description>Browse Data Types</description>
                    <classname>gov.nih.nci.cagrid.introduce.portal.discoverytools.core.TypesToolsComponent</classname>
                    <icon>/models.png</icon>
                    <showOnToolBar>true</showOnToolBar>
                    <dimensions>
                        <width>800</width>
                        <height>600</height>
                    </dimensions>
                    <renderOptions>
                    	<centered>true</centered>
                    </renderOptions>
                </component>
                <component>
                    <title>View Log</title>
                    <description>View the Introduce Log File</description>
                    <classname>gov.nih.nci.cagrid.introduce.portal.common.LogViewer</classname>
                    <icon>/page.png</icon>
                    <showOnToolBar>false</showOnToolBar>
                    <dimensions>
                        <width>700</width>
                        <height>400</height>
                    </dimensions>
                    <renderOptions>
                    	<centered>true</centered>
                    </renderOptions>
                </component>
            </components>
        </menu>
        <menu>
            <title>Help</title>
            <description>Help</description>
            <showIcons>true</showIcons>
            <components>
                <component>
                    <title>Introduce Help</title>
                    <description>Introduce Help</description>
                    <classname>gov.nih.nci.cagrid.introduce.portal.help.IntroduceHelp</classname>
                    <icon>/help-browser.png</icon>
                    <showOnToolBar>false</showOnToolBar>
    				<mnemonic>112</mnemonic>
                    <dimensions>
                    	<width>800</width>
                    	<height>600</height>
                    </dimensions>
                    <renderOptions>
                    	<centered>true</centered>
                    </renderOptions>
            </component>
                <component>
                    <title>Introduce Software Update</title>
                    <description>Introduce Software Update</description>
                    <classname>gov.nih.nci.cagrid.introduce.portal.updater.IntroduceUpdateWizard</classname>
                    <icon>/system-software-update.png</icon>
                    <showOnToolBar>false</showOnToolBar>
                    <dimensions>
                    	<width>400</width>
                    	<height>500</height>
                    </dimensions>
                    <renderOptions>
                    	<centered>true</centered>
                    </renderOptions>
                </component>
            </components>
        </menu>
    </menus>
    
    <configuration>
    <ConfigurationGroups>
        <ConfigurationGroup>
        <name>Introduce</name>
        <ConfigurationDescriptors>
            <ConfigurationDescriptor>
                <DisplayName>Portal Configuration</DisplayName>
                <SystemName>introducePortal</SystemName>
                <ModelClassname>gov.nih.nci.cagrid.introduce.beans.configuration.IntroducePortalConfiguration</ModelClassname>
                <qname>
                    <namespace>gme://gov.nih.nci.cagrid.introduce/1/Configuration</namespace>
                    <name>IntroducePortalConfiguration</name>
                </qname>
                <ConfigurationPanel>gov.nih.nci.cagrid.introduce.portal.configuration.IntroducePortalConfigurationPanel</ConfigurationPanel>
                <DefaultFile>conf/introduce-portal-conf.xml</DefaultFile>
            </ConfigurationDescriptor>
            <ConfigurationDescriptor>
                <DisplayName>Service Creation Defaults</DisplayName>
                <SystemName>introduceServiceDefaults</SystemName>
                <ModelClassname>gov.nih.nci.cagrid.introduce.beans.configuration.IntroduceServiceDefaults</ModelClassname>
                <qname>
                    <namespace>gme://gov.nih.nci.cagrid.introduce/1/Configuration</namespace>
                    <name>IntroduceServiceDefaults</name>
                </qname>
                <ConfigurationPanel>gov.nih.nci.cagrid.introduce.portal.configuration.IntroduceServiceDefaultsConfigurationPanel</ConfigurationPanel>
                <DefaultFile>conf/introduce-service-defaults-conf.xml</DefaultFile>
            </ConfigurationDescriptor>
            <ConfigurationDescriptor>
                <DisplayName>Global Extension Properties</DisplayName>
                <SystemName>introduceGlobalExtensionProperties</SystemName>
                <ModelClassname>gov.nih.nci.cagrid.introduce.beans.extension.Properties</ModelClassname>
                <qname>
                    <namespace>gme://gov.nih.nci.cagrid.introduce/1/Extension</namespace>
                    <name>Properties</name>
                </qname>
                <ConfigurationPanel>gov.nih.nci.cagrid.introduce.portal.configuration.IntroduceGlobalExtensionPropertiesConfigurationPanel</ConfigurationPanel>
                <DefaultFile>conf/introduce-global-extension-properties-conf.xml</DefaultFile>
            </ConfigurationDescriptor>
        </ConfigurationDescriptors>
        </ConfigurationGroup>
    </ConfigurationGroups>
    </configuration>


</application>
