<DataServiceStyle xmlns="http://gov.nih.nci.cagrid.data/Style" name="caCORE SDK v 4.1" version="1.4">
	<CompatibleCaGridVersions>
		<Version>1.4</Version>
	</CompatibleCaGridVersions>
	<StyleDescription>Configures the data service to utilize a data source generated by the caCORE SDK, version 4.1</StyleDescription>
	<CreationWizardPanels>
		<CreationWizardPanel classname="org.cagrid.data.sdkquery41.style.wizard.SDK41InitializationPanel"/>
		<CreationWizardPanel classname="org.cagrid.data.sdkquery41.style.wizard.GeneralConfigurationPanel"/>
		<CreationWizardPanel classname="org.cagrid.data.sdkquery41.style.wizard.APITypePanel"/>
		<CreationWizardPanel classname="org.cagrid.data.sdkquery41.style.wizard.LoginConfigurationPanel"/>
		<CreationWizardPanel classname="org.cagrid.data.sdkquery41.style.wizard.DomainModelPanel"/>
		<CreationWizardPanel classname="org.cagrid.data.sdkquery41.style.wizard.SchemaMappingPanel"/>
	</CreationWizardPanels>
	<CreationHelper postCreationClassname="org.cagrid.data.sdkquery41.style.helpers.SDK41PostCreationHelper"/>
	<CodegenHelpers postCodegenClassname="org.cagrid.data.sdkquery41.style.helpers.SDK41PostCodegenHelper"/>
	<VersionUpgrade fromVersion="1.3" toVersion="1.4" classname="org.cagrid.data.sdkquery41.style.upgrade.UpgradeFrom1pt3to1pt4"/>
	<VersionUpgrade fromVersion="1.2" toVersion="1.4" classname="org.cagrid.data.sdkquery41.style.upgrade.UpgradeFrom1pt2to1pt4"/>
</DataServiceStyle>
