<ns1:ExtensionDescription extensionType="DISCOVERY" xmlns:ns1="gme://gov.nih.nci.cagrid.introduce/1/Extension" version="1.4">
 <ns1:DiscoveryExtensionDescription displayName="Global Model Exchange" name="gme-discovery" xsi:type="ns1:DiscoveryExtensionDescriptionType" xmlns:xsi="http://www.w3.org/2001/XMLSchema-instance">
  <ns1:DiscoveryToolsPanelExtension xsi:type="xsd:string" >org.cagrid.gme.discoverytools.GMEViewer</ns1:DiscoveryToolsPanelExtension>
  <ns1:DiscoveryPanelExtension xsi:type="xsd:string">org.cagrid.gme.discoverytools.GMETypeSelectionComponent</ns1:DiscoveryPanelExtension>
  <ns1:Properties>
   <ns1:Property makeGlobal="true" key="GME_URL" displayName="GME Service URL" description="Global Model Exchange URL" value="https://globalmodelexchange.training.cagrid.org:8443/wsrf/services/cagrid/GlobalModelExchange"/>
  </ns1:Properties>
 </ns1:DiscoveryExtensionDescription>
</ns1:ExtensionDescription>
