<?xml version="1.0" encoding="UTF-8"?>

<!DOCTYPE digester-rules PUBLIC          
          "-//Apache Commons //DTD digester-rules XML V1.0//EN"           
          "http://commons.apache.org/digester/dtds/digester-rules-3.0.dtd">

<digester-rules>
   <pattern value="*/BulkOperationMetadata">
    <object-create-rule classname="edu.wustl.bulkoperator.metadata.BulkOperationMetaData"/>
	<set-properties-rule/>	
  </pattern>
  <pattern value="*/BulkOperationClass">
    <object-create-rule classname="edu.wustl.bulkoperator.metadata.BulkOperationClass"/>
	<set-properties-rule/>	
	<set-next-rule methodname="addBulkOperationClass"/>
  </pattern>
  
  <pattern value="*/containmentAssociation">
      <object-create-rule classname="edu.wustl.bulkoperator.metadata.BulkOperationClass"/>
	  <set-properties-rule/>
	  <set-next-rule methodname="addContainmentAssociation"/>
  </pattern>
  
  <pattern value="*/referenceAssociation">
      <object-create-rule classname="edu.wustl.bulkoperator.metadata.BulkOperationClass"/>
	  <set-properties-rule/>
	  <set-next-rule methodname="addReferenceAssociation"/>
  </pattern>
  
  <pattern value="*/attribute">
      <object-create-rule classname="edu.wustl.bulkoperator.metadata.Attribute"/>
	  <set-properties-rule/>
	  <set-next-rule methodname="addAttribute"/>	  
  </pattern>
  
  <pattern value="*/dynExtCategoryAssociation">
      <object-create-rule classname="edu.wustl.bulkoperator.metadata.BulkOperationClass"/>
	  <set-properties-rule/>
	  <set-next-rule methodname="addDynExtCategoryAssociation"/>
  </pattern>
  
  <pattern value="*/dynExtEntityAssociation">
      <object-create-rule classname="edu.wustl.bulkoperator.metadata.BulkOperationClass"/>
	  <set-properties-rule/>
	  <set-next-rule methodname="addDynExtEntityAssociation"/>
  </pattern>
  
  <pattern value="*/containmentAssociationCollection">
      <object-create-rule classname="edu.wustl.bulkoperator.metadata.BulkOperationClass"/>
	  <set-properties-rule/>
	  <set-next-rule methodname="addContainmentAssociation"/>
  </pattern>
  
  <pattern value="*/attributeCollection">
      <object-create-rule classname="edu.wustl.bulkoperator.metadata.Attribute"/>
	  <set-properties-rule/>
	  <set-next-rule methodname="addAttribute"/>	  
  </pattern>
   <pattern value="*/referenceAssociationCollection">
      <object-create-rule classname="edu.wustl.bulkoperator.metadata.BulkOperationClass"/>
	  <set-properties-rule/>
	  <set-next-rule methodname="addReferenceAssociation"/>
  </pattern>
  <pattern value="*/dynExtCategoryAssociationCollection">
      <object-create-rule classname="edu.wustl.bulkoperator.metadata.BulkOperationClass"/>
	  <set-properties-rule/>
	  <set-next-rule methodname="addDynExtCategoryAssociation"/>
  </pattern>
  
  <pattern value="*/dynExtEntityAssociationCollection">
      <object-create-rule classname="edu.wustl.bulkoperator.metadata.BulkOperationClass"/>
	  <set-properties-rule/>
	  <set-next-rule methodname="addDynExtEntityAssociation"/>	  
  </pattern>
  
   <pattern value="*/hookingInformation">
      <object-create-rule classname="edu.wustl.bulkoperator.metadata.HookingInformation"/>
	  <set-properties-rule/>
	  <set-next-rule methodname="addHookingInformation"/>	  
  </pattern>
  
</digester-rules>