<?xml version="1.0" encoding="UTF-8"?>
<Applications>
	<Application name = "dem">
		<DAOFactory name="edu.wustl.dao.daofactory.DAOFactory" default="true">

			<DefaultDAO>
				<Class-name name = "edu.wustl.dao.HibernateDAOImpl"/>
				<Config-file name = "demHibernate.cfg.xml"/>
				<DefaultConnectionManager name = "edu.wustl.dao.connectionmanager.ConnectionManager"/>
			</DefaultDAO>

			<JDBCDAO>
				<DBPropertyFile name ="OracleDAOProperties.xml"/>
			</JDBCDAO>


		</DAOFactory>
	 </Application>
</Applications>