<?xml version="1.0" encoding="UTF-8"?>
<!DOCTYPE hibernate-configuration PUBLIC "-//Hibernate/Hibernate Configuration DTD 3.0//EN" "http://hibernate.sourceforge.net/hibernate-configuration-3.0.dtd">
<hibernate-configuration>

    <session-factory>
    	<property name="show_sql">false</property>
   		   		<property name="dialect">@@DIALECT@@</property>
   	 	<property name="connection.datasource">java:/catissuecore</property>
		<property name="hibernate.transaction.factory_class">org.hibernate.transaction.JDBCTransactionFactory</property>
       	<property name="transaction.manager_lookup_class">org.hibernate.transaction.JBossTransactionManagerLookup</property>
		<property name="hibernate.cache.provider_class">org.hibernate.cache.EhCacheProvider</property>
		<property name="hibernate.jdbc.batch_size">0</property>
		<property name="hibernate.query.substitutions">true 1,false 0</property>
		<property name="hibernate.connection.release_mode">after_transaction</property>

<!-- My sql settings -->

        <property name="hibernate.c3p0.max_size">15</property>
		<property name="hibernate.c3p0.min_size">2</property>
		<property name="hibernate.c3p0.timeout">5000</property>
		<property name="hibernate.c3p0.max_statements">0</property>
		<property name="hibernate.c3p0.idle_test_period">3000</property>
		<property name="hibernate.c3p0.acquire_increment">2</property>
		<property name="hibernate.c3p0.validate">false</property>
		
		<mapping resource="edu/wustl/common/hbm/AuditEvent.hbm.xml"/>
		<mapping resource="edu/wustl/common/hbm/AuditEventDetails.hbm.xml"/>
		<mapping resource="edu/wustl/common/hbm/AuditEventLog.hbm.xml"/>
		<mapping resource="edu/wustl/common/hbm/AbstractAuditEventLog.hbm.xml"/>
		<mapping resource="edu/wustl/common/hbm/LoginEvent.hbm.xml"/>

</session-factory>

</hibernate-configuration>
