<DataServiceStyle xmlns="http://gov.nih.nci.cagrid.data/Style" name="caCORE SDK v 4.0" version="1.4">
	<CompatibleCaGridVersions>
		<Version>1.4</Version>
	</CompatibleCaGridVersions>
	<StyleDescription>Configures the data service to utilize a data source generated by the caCORE SDK, version 4.0</StyleDescription>
	<CreationWizardPanels>
		<CreationWizardPanel classname="gov.nih.nci.cagrid.sdkquery4.style.wizard.SDK4InitializationPanel"/>
		<CreationWizardPanel classname="gov.nih.nci.cagrid.sdkquery4.style.wizard.QueryProcessorConfigurationPanel"/>
		<CreationWizardPanel classname="gov.nih.nci.cagrid.sdkquery4.style.wizard.QueryProcessorSecurityPanel"/>
		<CreationWizardPanel classname="gov.nih.nci.cagrid.sdkquery4.style.wizard.SDK4DomainModelPanel"/>
		<CreationWizardPanel classname="gov.nih.nci.cagrid.sdkquery4.style.wizard.SchemaMappingPanel"/>
	</CreationWizardPanels>
	<ModificationUiPanel classname="gov.nih.nci.cagrid.sdkquery4.style.modification.SDK4InformationPanel"/>
	<CreationHelper postCreationClassname="gov.nih.nci.cagrid.sdkquery4.style.helper.SDK4PostCreationHelper"/>
	<CodegenHelpers postCodegenClassname="gov.nih.nci.cagrid.sdkquery4.style.helper.SDK4PostCodegenHelper"
		preCodegenClassname="gov.nih.nci.cagrid.sdkquery4.style.helper.SDK4PreCodegenHelper"/>
	<VersionUpgrade fromVersion="1.3" toVersion="1.4" classname="gov.nih.nci.cagrid.sdkquery4.style.upgrade.UpgradeFrom1pt3to1pt4"/>
	<VersionUpgrade fromVersion="1.2" toVersion="1.4" classname="gov.nih.nci.cagrid.sdkquery4.style.upgrade.UpgradeFrom1pt2to1pt4"/>
</DataServiceStyle>
