<?xml version="1.0" encoding="UTF-8"?>

	<JDBCProperties>
	
		<Class-name name = "edu.wustl.dao.MySQLDAOImpl"/>
		<DatabaseType name = "MYSQL"/>
		<DefaultBatchSize value = "5"/>
		<DataSource name = ""/>
		<JDBCConnectionManager name = "edu.wustl.dao.connectionmanager.ConnectionManager"/>
		<DatePattern name = "%m-%d-%Y"/>
		<TimePattern name = "%H:%i:%s"/>
		<DateFormatFunction name ="DATE_FORMAT"/>
		<TimeFormatFunction name ="TIME_FORMAT"/>
		<DateToStrFunction name = "TO_CHAR"/>
		<StrTodateFunction name = "STR_TO_DATE"/>
		<QueryGenerator name = "edu.wustl.dao.query.generator.MySQLQueryGenerator"/>
	
	</JDBCProperties>