<ns1:ExtensionDescription extensionType="AUTHORIZATION" version="1.2" xmlns:ns1="gme://gov.nih.nci.cagrid.introduce/1/Extension">
	<ns1:AuthorizationExtensionDescription displayName="Grid Grouper" name="gridgrouper_auth">
		<ns1:MethodAuthorizationPanel>org.cagrid.gridgrouper.authorization.extension.gui.MethodAuthorizationPanel</ns1:MethodAuthorizationPanel>
		<ns1:ServiceAuthorizationPanel>org.cagrid.gridgrouper.authorization.extension.gui.ServiceAuthorizationPanel</ns1:ServiceAuthorizationPanel>
		<ns1:AuthorizationExtensionManager>org.cagrid.gridgrouper.authorization.extension.sync.GridGrouperAuthorizationManager</ns1:AuthorizationExtensionManager>
		<ns1:Properties>
			<ns1:Property makeGlobal="true" key="GRID_GROUPER_URLS" displayName="Grid Grouper URLs" description="Grid Grouper Service URLS that the grouper expression editor will use for choosing from groups." value="https://grouper.training.cagrid.org:8443/wsrf/services/cagrid/GridGrouper"/>
		</ns1:Properties>
	</ns1:AuthorizationExtensionDescription>
</ns1:ExtensionDescription>
