<ns1:ExtensionDescription extensionType="SERVICE" version="1.4"
    xmlns:ns1="gme://gov.nih.nci.cagrid.introduce/1/Extension">
    <ns1:ServiceExtensionDescription displayName="caGrid Transfer" name="caGrid_Transfer">
        <ns1:CreationPostProcessor>org.cagrid.transfer.extension.TransferExtensionCreationPostProcessor</ns1:CreationPostProcessor>
        <ns1:Properties> 
        </ns1:Properties>
    </ns1:ServiceExtensionDescription>
    <ns1:UpgradesDescription>
		<ns1:UpgradeDescription upgradeClass="org.cagrid.transfer.extension.upgrade.TransferUpgrade1pt2to1pt4" fromVersion="1.2" toVersion="1.4"/>
		<ns1:UpgradeDescription upgradeClass="org.cagrid.transfer.extension.upgrade.TransferUpgrade1pt3to1pt4" fromVersion="1.3" toVersion="1.4"/>
	</ns1:UpgradesDescription>
</ns1:ExtensionDescription>
