<DataServiceStyle xmlns="http://gov.nih.nci.cagrid.data/Style" name="caCORE SDK v 4.3" version="1.4">
	<CompatibleCaGridVersions>
		<Version>1.4</Version>
	</CompatibleCaGridVersions>
	<StyleDescription>Configures the data service to utilize a data source generated by the caCORE SDK, version 4.3</StyleDescription>
	<CreationWizardPanels>
		<CreationWizardPanel classname="org.cagrid.iso21090.sdkquery.style.wizard.ProjectSelectionPanel"/>
		<CreationWizardPanel classname="org.cagrid.iso21090.sdkquery.style.wizard.SecurityConfigurationPanel"/>
		<CreationWizardPanel classname="org.cagrid.iso21090.sdkquery.style.wizard.DomainModelPanel"/>
		<CreationWizardPanel classname="org.cagrid.iso21090.sdkquery.style.wizard.SchemaMappingPanel"/>
	</CreationWizardPanels>
	<ModificationUiPanel classname="org.cagrid.iso21090.sdkquery.style.modification.InformationPanel"/>
	<CreationHelper postCreationClassname="org.cagrid.iso21090.sdkquery.style.helpers.PostCreationHelper"/>
	<VersionUpgrade fromVersion="1.3" toVersion="1.4" classname="org.cagrid.iso21090.sdkquery.style.upgrade.UpgradeFrom1pt3to1pt4"/>
</DataServiceStyle>
